stage,Accuracy,Precision,Recall,F1,FPR,FNR,Specificity,Balanced Accuracy,Role,Selected Threshold,Predicted Attack Rate,Predicted Normal Rate
General Traffic Agent,0.8077053879415051,0.7428303315662967,0.9953454513368041,0.8507457058280069,0.4221891891891892,0.004654548663195976,0.5778108108108108,0.7865781310738074,general,0.5,0.7377690326968858,0.26223096730311424
Attack Recall Agent,0.8078754311810717,0.7419973761889144,0.9981249448513192,0.8512115283317029,0.4252162162162162,0.0018750551486808435,0.5747837837837838,0.7864543643175514,attack_recall,0.2,0.7406597677695186,0.25934023223048147
Normal Behavior Agent,0.761453626779381,0.7207975249226538,0.9250860319421159,0.8102635443233634,0.439027027027027,0.07491396805788406,0.560972972972973,0.7430295024575444,normal_behavior,0.4,0.706651119856192,0.293348880143808
Hard-Case Agent,0.9212456881892824,0.9096334725209836,0.9514912203300097,0.9300916442048518,0.11581081081081081,0.048508779669990294,0.8841891891891892,0.9178402047595995,hard_case,0.5200000000000002,0.5759364524121848,0.42406354758781517
