stage,Accuracy,Precision,Recall,F1,FPR,FNR,Specificity,Balanced Accuracy,Improvement vs Best Agent Accuracy,Missed Opportunity Count,Oracle Gap
Current Trust Agent Selector,0.8290822523441675,0.7664689034369886,0.9917497573458043,0.8646766934646305,0.3702162162162162,0.008250242654195711,0.6297837837837837,0.8107667705647941,-0.09216343584511488,10651,0.1293664674731574
Confidence-only Selector,0.7938711558081912,0.7282428495549582,0.9980808259066443,0.8420729380891673,0.45632432432432435,0.001919174093355687,0.5436756756756757,0.77087825079116,-0.1273745323810912,13550,0.1645775640091337
Role-bonus Selector,0.8081912257688384,0.7425924709283227,0.9973528633195095,0.8513218347518264,0.4235675675675676,0.0026471366804906027,0.5764324324324325,0.786892647875971,-0.11305446242044404,12371,0.15025749404848654
Disagreement-aware Selector,0.9202254287518826,0.9078875373542658,0.951667696108709,0.9292622509423801,0.1182972972972973,0.04833230389129092,0.8817027027027027,0.9166851994057059,-0.0010202594373998064,3147,0.03822329106544231
Local-accuracy Selector,0.8541757761259292,0.7975216941042031,0.9853083914232772,0.8815251929187472,0.30648648648648646,0.014691608576722845,0.6935135135135135,0.8394109524683954,-0.06706991206335322,8585,0.10427294369139573
Tuned Selector,0.8175314579993198,0.7528320459133452,0.9954116297538163,0.8572921317361857,0.4004054054054054,0.004588370246183711,0.5995945945945946,0.7975031121742054,-0.10371423018996262,11602,0.14091726181800512
