stage,Accuracy,Precision,Recall,F1,FPR,FNR,Specificity,Balanced Accuracy,Improvement vs Best Agent Accuracy,Missed Opportunity Count,Oracle Gap
Current Trust Agent Selector,0.97766,0.9112743712913253,0.9822335025380711,0.9454243416231006,0.023462017434620175,0.017766497461928935,0.9765379825653798,0.9793857425517254,0.006079999999999974,1010,0.020199999999999996
Confidence-only Selector,0.9789,0.9371706929118203,0.9570558375634518,0.9470088904515546,0.015740971357409712,0.04294416243654822,0.9842590286425903,0.9706574331030211,0.007319999999999993,948,0.018959999999999977
Role-bonus Selector,0.97872,0.9156888720666162,0.9824365482233502,0.9478891174453913,0.02219178082191781,0.017563451776649745,0.9778082191780821,0.9801223837007162,0.007140000000000035,957,0.019139999999999935
Disagreement-aware Selector,0.97158,0.8798557908968003,0.9910659898477158,0.9321556457388398,0.03320049813200498,0.008934010152284264,0.966799501867995,0.9789327458578554,0.0,1314,0.02627999999999997
Local-accuracy Selector,0.98976,0.9605444860919313,0.9886294416243655,0.974384630778467,0.009962640099626401,0.011370558375634518,0.9900373599003736,0.9893334007623695,0.018179999999999974,405,0.008099999999999996
Tuned Selector,0.98748,0.956995640110979,0.980507614213198,0.9686089660014041,0.010809464508094646,0.01949238578680203,0.9891905354919054,0.9848490748525517,0.015900000000000025,519,0.010379999999999945
