decision_source,role,agent_reliability_score,trust_weight
General Traffic Agent,general,0.7945031712473573,0.2504245406767583
Attack Recall Agent,attack_recall,0.7114501170148219,0.22424651683661273
Normal Behavior Agent,normal_behavior,0.7342949100011921,0.23144711338235802
Hard-Case Agent,hard_case,0.9323768531802965,0.29388182910427085
