Method,Accuracy,Precision,Recall,F1,FPR,FNR,Specificity,Balanced Accuracy,Improvement vs Hard-Case,Oracle Gap,Override Rate,Successful Override Rate,Failed Override Rate
Hard-Case Only,0.96824,0.8665483584738243,0.9914720812182741,0.924810606060606,0.03745952677459527,0.008527918781725888,0.9625404732254047,0.9770062772218394,0.0,0.02976000000000001,0.0,0.0,0.0
Majority Voting,0.94806,0.9669112913608858,0.7624365482233503,0.8525855707555202,0.006400996264009962,0.23756345177664975,0.9935990037359901,0.8780177759796701,-0.020179999999999976,0.049939999999999984,0.07414,0.3639061235500405,0.6360938764499595
Disagreement-aware Selector,0.96824,0.8665483584738243,0.9914720812182741,0.924810606060606,0.03745952677459527,0.008527918781725888,0.9625404732254047,0.9770062772218394,0.0,0.02976000000000001,0.0,0.0,0.0
Hard-Case Guarded Selector,0.94722,0.7925354969574037,0.9916751269035533,0.8809921082299887,0.06368617683686177,0.008324873096446701,0.9363138231631383,0.9639944750333458,-0.02102000000000004,0.05078000000000005,0.0211,0.0018957345971563982,0.9981042654028436
Oracle,0.998,,,,,,,,0.02976000000000001,0.0,,,
